{
  "id": "Measurer_Intro",
  "slideshow_folder": "images/dream - measurer",
  "next_process": "Game",
  "music": {
    "name": "RW_Intro_Theme",
    "fade_in": 40
  },
  "scenes": [
    {
      "name": "scene1",
      "fade_in_start": 0,
      "fade_out_start": 7.1,
      "images": [
        {"name": "measurer_dogma1", "pos": [0,0], "depth": 1.0}
      ],
      "camera_path": [ [10, 15, 0], [8.7, 5, 0.5] ]
    },
    {
      "name": "scene2",
      "fade_in_start": 8.1,
      "fade_out_start": 17,
      "images": [
        {"name": "measurer_dogma", "pos": [0,0], "depth": 1.0}
      ],
      "camera_path": [ [10, 15, 0], [8.7, 5, 0.5] ]
    }
  ]
}