{
	"id": "measurer",
	"name": "The Measurer",
	"description": "거대한 세계의 운명을 짊어진 특별한 존재. 야생에서 살아가기에는 부족함이 없으나,\n유일한 친구이자 소중한 가족이 기다리고 있기에 지체할 시간은 없다.",
	"features": {
    "color": "FFFFFF",
    "custom_colors": [
      { "name": "Body", "story": "FFFFFF" },
      { "name": "Eyes", "story": "FFFFFF" }
    ],
    "select_menu_scene": "slugcat_measurer",
    "select_menu_scene_ascended": "outro_measurer",
    "intro_slideshow": "Measurer_Intro",
    "start_room": "MRTH_A29",
    "auto_grab_batflies": false,
    "weight": 2.0,
    "tunnel_speed": 1.0,
    "climb_speed": 1.0,
    "walk_speed": 1.0,
    "crouch_stealth": 0.5,
    "throw_skill": 1,
    "lung_capacity": 1.0,
    "loudness": 1.5,
    "karma": 2,
    "karma_cap": 4,
    "the_mark": true,
    "the_glow": true,
    "guide_overseer": 4,
    "has_dreams": false,
    "use_default_dreams": false,
    "cycle_length_min": 7.0,
    "cycle_length_max": 10.0,
    "perma_unlock_gates": false,
    "food_min": 7,
    "food_max": 11,
    "world_state": "Spear",
    "timeline_before": "Spear",
    "title_card": "measurerprofile",
    "back_spear": false,
    "can_maul": false,
    "expedition_enabled": true,
    "expedition_description": "일반적인 유기체와는 다른 독특한 존재.\n자신만의 방식으로 새로운 길을 개척해 나간다."
	},
	"alignments": {
  	  "Lizards": { "like": 0, "strength": 0.2 },
 	  "Scavengers": { "like": -0.5, "locked": false }
	},
	"diet": {
  "base": "White",
  "corpses": 0,
  "meat": 0,
  "plants": 0,
  "overrides": {
    "Rock": 0.5,
    "Spear": 1,
    "ExplosiveSpear": 1,
    "ElectricSpear": 2
	  }
	}
}